{"cameraMode":{"drawMode":0,"name":"Shaded","section":"Shading Mode"},"sceneLighting":true,"audioPlay":false,"sceneViewState":{"m_AlwaysRefresh":false,"showFog":true,"showSkybox":true,"showFlares":true,"showImageEffects":true,"showParticleSystems":true,"showVisualEffectGraphs":true,"m_FxEnabled":true},"in2DMode":false,"pivot":{"x":18.521488189697267,"y":1.6788699626922608,"z":16.355932235717775},"rotation":{"x":0.32472890615463259,"y":-0.6750360131263733,"z":0.4573739171028137,"w":0.4792691469192505},"size":3.9912545680999758,"orthographic":false}